{
  "extension.codespaces.displayName": "GitHub Codespaces",
  "extension.codespaces.description": "Your instant dev environment",
  "extension.codespaces.remoteViewExplorer": "GitHub Codespaces",
  "extension.codespaces.welcomeCreateCodespace": "Start coding instantly with Codespaces.\n[Create Codespace](command:github.codespaces.addEnvironment)",
  "extension.codespaces.welcomeSignIn": "Spin up fully configured dev environments in the cloud that start in seconds with up to 60 hours a month free.\nSign in to view your codespaces or [learn more](https://docs.github.com/codespaces/about-codespaces).\n[Sign in to GitHub](command:github.codespaces.signIn)",
  "extension.codespaces.welcomeUnsupportedVersion": "GitHub Codespaces no longer supports this extension version and/or this Visual Studio Code version. \n[Browse newer versions](command:github.codespaces.openExtension)",
  "extension.codespaces.welcomeWarnVersion": "GitHub Codespaces will soon no longer support this extension version and/or this Visual Studio Code version. \n[Browse newer versions](command:github.codespaces.openExtension)",
  "extension.codespaces.defaultExtensions": "Default extensions to install in GitHub Codespaces",
  "extension.codespaces.usePortForwardingServiceForHTTPS": "When enabled, HTTPS services will be forwarded through our port forwarding service instead of local TCP server.",
  "extension.codespaces.createCodespaceInNewWindow": "When a codespace is created or connected, open it in a new window.",
  "extension.codespaces.newConnectionFlow": "New connection flow",
  "extension.codespaces.newConnectionFlowDisableDescription": "Explicitly disable the new resolver flow.",
  "extension.codespaces.newConnectionFlowEnableDescription": "Enable the new resolver flow.",
  "extension.codespaces.devContainerChangedNotificationStyle": "Select which type of notification to show when devcontainer content changes",
  "extension.codespaces.devContainerChangedNotificationStyleNoneDescription": "No notification when devcontainer changes",
  "extension.codespaces.devContainerChangedNotificationStyleNotificationDescription": "Standard toast notification when devcontainer changes",
  "extension.codespaces.devContainerChangedNotificationStyleModalDescription": "Modal dialog notification when devcontainer changes",
  "extension.codespaces.exportLogs": "Export Logs",
  "extension.codespaces.addEnvironment": "Create New Codespace...",
  "extension.codespaces.continueEditSessionInCodespace.qualifiedName": "Continue Working in New Codespace",
  "extension.codespaces.refresh": "Refresh",
  "extension.codespaces.connect": "Connect to Codespace...",
  "extension.codespaces.connectJupyterServer": "Connect to Codespace",
  "extension.codespaces.disconnectEnvironment": "Disconnect",
  "extension.codespaces.reloadServer": "Kill VS Code Server on Host...",
  "extension.codespaces.shutdownEnvironment": "Stop Codespace",
  "extension.codespaces.disconnectSuspend": "Stop Current Codespace",
  "extension.codespaces.changeMachineType": "Change Machine Type",
  "extension.codespaces.deleteEnvironment": "Delete Codespace...",
  "extension.codespaces.portForwarding": "Forward Port",
  "extension.codespaces.signIn": "Sign In",
  "extension.codespaces.openExtension": "Open Extension",
  "extension.codespaces.openInNewWindow": "Open Codespace in New Window",
  "extension.codespaces.openInBrowser": "Open in Browser",
  "extension.codespaces.openInInsiders": "Open in VS Code Insiders Desktop",
  "extension.codespaces.openInStable": "Open in VS Code Desktop",
  "extension.codespaces.embedder.myCodespaces": "My Codespaces",
  "extension.codespaces.viewCreationLog": "View Creation Log",
  "extension.codespaces.removePath": "Remove From Recent List",
  "extension.codespaces.addExtensionToConfiguration": "Add to devcontainer.json",
  "extension.codespaces.configureDevContainer": "Add Dev Container Configuration Files...",
  "extension.codespaces.performanceExplorer": "Codespace Performance",
  "extension.codespaces.warnExplorer": "Warning",
  "extension.codespaces.rebuildEnvironment": "Rebuild Container",
  "extension.codespaces.fullRebuildEnvironment": "Full Rebuild Container",
  "extension.codespaces.copyIdToClipboard": "Copy ID to Clipboard",
  "extension.codespaces.setLabelAndUpdateDevcontainer": "Set Label and Update devcontainer.json",
  "extension.codespaces.showDetails": "Details",
  "extension.codespaces.export": "Export Changes to a Branch",
  "extension.codespaces.sendFeedback": "Send Feedback",
  "extension.codespaces.reportIssue": "Report Issue",
  "extension.codespaces.manageUserSecrets": "Manage User Secrets",
  "extension.codespaces.switchUserAccount": "Switch User Account",
  "extension.codespaces.showDisplayNameInRemoteIndicator": "When enabled, the codespace display name will be shown in the remote indicator and title bar when connected to a codespace."
}