[{"identifier":{"id":"yandeu.five-server","uuid":"a18a6705-5a6a-4e14-a4a7-3efa6b7647d5"},"version":"0.3.1","location":{"$mid":1,"path":"/c:/Users/Navgurukul/.vscode/extensions/yandeu.five-server-0.3.1","scheme":"file"},"relativeLocation":"yandeu.five-server-0.3.1","metadata":{"id":"a18a6705-5a6a-4e14-a4a7-3efa6b7647d5","publisherId":"a342b7ab-2d58-4313-9c2d-f506bb2aa10c","publisherDisplayName":"Yannick","targetPlatform":"undefined","isApplicationScoped":false,"updated":true,"isPreReleaseVersion":false,"installedTimestamp":1704277223465,"pinned":false,"preRelease":false}},{"identifier":{"id":"bmewburn.vscode-intelephense-client","uuid":"ffda6552-0ad5-431b-a4fa-0905a7e4f3f0"},"version":"1.10.2","location":{"$mid":1,"path":"/c:/Users/Navgurukul/.vscode/extensions/bmewburn.vscode-intelephense-client-1.10.2","scheme":"file"},"relativeLocation":"bmewburn.vscode-intelephense-client-1.10.2","metadata":{"id":"ffda6552-0ad5-431b-a4fa-0905a7e4f3f0","publisherId":"3209eeb0-2b1a-4484-8c83-2627b29db88e","publisherDisplayName":"Ben Mewburn","targetPlatform":"undefined","updated":false,"isPreReleaseVersion":false,"installedTimestamp":1705750079213,"pinned":false,"preRelease":false}},{"identifier":{"id":"github.codespaces","uuid":"4023d3e5-c840-4cdd-8b54-51c77548aa3f"},"version":"1.16.10","location":{"$mid":1,"fsPath":"c:\\Users\\Navgurukul\\.vscode\\extensions\\github.codespaces-1.16.10","_sep":1,"external":"file:///c%3A/Users/Navgurukul/.vscode/extensions/github.codespaces-1.16.10","path":"/c:/Users/Navgurukul/.vscode/extensions/github.codespaces-1.16.10","scheme":"file"},"relativeLocation":"github.codespaces-1.16.10","metadata":{"id":"4023d3e5-c840-4cdd-8b54-51c77548aa3f","publisherId":"7c1c19cd-78eb-4dfb-8999-99caf7679002","publisherDisplayName":"GitHub","targetPlatform":"undefined","isApplicationScoped":false,"updated":true,"isPreReleaseVersion":false,"installedTimestamp":1707499694216,"pinned":false,"preRelease":false}}]